id,evaluationOfHilltown,transiency,impressionOfFriends,expectations,attitudeOfFriend,attitude,satisfactionInWorkplace,pastExperience,evaluationOfPhysicalAmenities,satisfactionInField,education,evaluationOfCoResidents,evaluationOfManagement,occupation
1,favorable,asLongAsEligible,unfavorable,NA,liberalFriend,liberal,fair,NA,favorable,good,gradeSchoolOrLess,NA,NA,whiteColorSkilled
2,favorable,NA,favorable,mutualAcomodataion,NA,NA,hardToSay,biracialLivingExperience,NA,good,NA,NA,favorable,whiteColorSkilled
3,favorable,NA,NA,integration,NA,NA,NA,biracialLivingExperience,favorable,NA,NA,favorable,NA,NA
4,favorable,untilBetterPlace,favorable,NA,liberalFriend,liberal,NA,NA,favorable,NA,NA,NA,NA,NA
5,NA,neverThoughtAboutIt,favorable,mutualAcomodataion,liberalFriend,liberal,fair,biracialLivingExperience,favorable,hardToSay,gradeSchoolOrLess,NA,NA,whiteColorSkilled
6,favorable,permanent,favorable,NA,liberalFriend,liberal,hardToSay,NA,favorable,poor,gradeSchoolOrLess,NA,NA,semiSkilled
7,favorable,asLongAsEligible,NA,mutualAcomodataion,liberalFriend,liberal,poor,biracialLivingExperience,favorable,poor,NA,NA,NA,unskilledDomesticPersonalService
8,favorable,untilBetterPlace,unfavorable,NA,NA,NA,poor,NA,favorable,poor,someHighSchool,NA,NA,semiSkilled
9,favorable,asLongAsEligible,NA,NA,NA,NA,hardToSay,NA,NA,poor,NA,NA,NA,unskilledDomesticPersonalService
10,favorable,NA,favorableAndUnfavorable,NA,liberalFriend,liberal,NA,NA,favorable,NA,gradeSchoolOrLess,NA,NA,NA
11,favorable,untilBetterPlace,NA,mutualAcomodataion,liberalFriend,ambivalent,NA,biracialLivingExperience,NA,NA,NA,favorable,NA,NA
12,favorable,asLongAsEligible,NA,NA,liberalFriend,liberal,poor,NA,NA,poor,someHighSchool,favorable,favorable,unskilledDomesticPersonalService
13,favorable,neverThoughtAboutIt,favorable,NA,liberalFriend,liberal,NA,NA,NA,NA,gradeSchoolOrLess,NA,NA,NA
14,favorable,neverThoughtAboutIt,unfavorable,NA,liberalFriend,liberal,NA,NA,favorable,NA,gradeSchoolOrLess,NA,NA,NA
15,favorable,untilOwnHome,favorableAndUnfavorable,conflict,liberalFriend,liberal,NA,biracialLivingExperience,NA,NA,highSchoolGraduate,NA,NA,NA
16,favorable,asLongAsEligible,favorable,conflict,NA,NA,NA,biracialLivingExperience,NA,NA,someHighSchool,NA,favorable,NA
17,favorable,untilBetterPlace,favorable,conflict,liberalFriend,ambivalent,poor,biracialLivingExperience,favorable,poor,NA,NA,NA,whiteColorSkilled
18,favorable,asLongAsEligible,favorable,NA,NA,NA,NA,NA,favorable,NA,gradeSchoolOrLess,NA,NA,NA
19,unfavorable,asLongAsEligible,favorable,NA,ambivalentFriend,liberal,fair,NA,favorable,hardToSay,gradeSchoolOrLess,NA,NA,unskilledDomesticPersonalService
20,favorable,asLongAsEligible,favorable,conflict,liberalFriend,liberal,poor,noBiracialLivingExperience,favorable,good,highSchoolGraduate,NA,NA,unskilledDomesticPersonalService
21,favorable,permanent,favorable,NA,liberalFriend,liberal,poor,NA,favorable,poor,NA,favorable,NA,semiSkilled
22,favorable,untilBetterPlace,favorable,NA,NA,NA,NA,NA,favorable,NA,NA,NA,NA,NA
23,favorable,asLongAsEligible,favorable,NA,liberalFriend,liberal,poor,NA,NA,poor,gradeSchoolOrLess,NA,NA,semiSkilled
24,favorable,asLongAsEligible,favorable,NA,liberalFriend,liberal,NA,NA,NA,NA,someHighSchool,NA,NA,NA
25,favorable,NA,NA,mutualAcomodataion,NA,NA,poor,biracialLivingExperience,NA,poor,highSchoolGraduate,favorable,NA,unskilledDomesticPersonalService
26,NA,neverThoughtAboutIt,favorableAndUnfavorable,NA,NA,NA,fair,NA,favorable,poor,gradeSchoolOrLess,NA,NA,unskilledDomesticPersonalService
27,favorable,neverThoughtAboutIt,favorable,NA,NA,NA,NA,NA,NA,NA,someHighSchool,NA,NA,NA
28,favorable,asLongAsEligible,favorable,conflict,NA,NA,NA,biracialLivingExperience,NA,NA,gradeSchoolOrLess,NA,NA,NA
29,NA,asLongAsEligible,NA,conflict,liberalFriend,ambivalent,hardToSay,biracialLivingExperience,NA,good,highSchoolGraduate,NA,NA,unskilledDomesticPersonalService
30,favorable,neverThoughtAboutIt,favorable,NA,liberalFriend,ambivalent,NA,NA,NA,NA,NA,favorable,NA,NA
31,NA,permanent,favorable,integration,liberalFriend,liberal,poor,biracialLivingExperience,NA,poor,highSchoolGraduate,favorable,NA,semiSkilled
32,favorable,NA,favorable,NA,NA,NA,NA,NA,favorable,NA,highSchoolGraduate,favorable,NA,NA
33,favorable,untilBetterPlace,favorable,NA,NA,NA,NA,NA,favorable,NA,NA,NA,NA,NA
34,favorable,untilBetterPlace,favorable,mutualAcomodataion,NA,NA,poor,biracialLivingExperience,NA,poor,gradeSchoolOrLess,NA,NA,unskilledDomesticPersonalService
35,favorable,untilOwnHome,favorable,NA,liberalFriend,ambivalent,poor,NA,favorable,poor,someHighSchool,NA,NA,unskilledDomesticPersonalService
36,favorable,NA,favorable,NA,NA,NA,poor,NA,favorable,good,gradeSchoolOrLess,NA,NA,whiteColorSkilled
37,favorable,asLongAsEligible,favorable,NA,ambivalentFriend,liberal,NA,NA,favorable,NA,NA,NA,NA,NA
38,favorable,permanent,favorableAndUnfavorable,NA,ambivalentFriend,liberal,hardToSay,NA,NA,fair,someHighSchool,NA,NA,unskilledDomesticPersonalService
39,favorable,asLongAsEligible,favorable,NA,liberalFriend,liberal,poor,NA,favorable,poor,NA,NA,NA,whiteColorSkilled
40,favorable,NA,favorable,NA,liberalFriend,liberal,NA,NA,NA,NA,NA,NA,NA,NA
41,favorable,asLongAsEligible,favorable,conflict,NA,NA,NA,biracialLivingExperience,NA,NA,NA,NA,NA,NA
42,favorable,NA,favorable,mutualAcomodataion,liberalFriend,liberal,hardToSay,biracialLivingExperience,NA,good,gradeSchoolOrLess,NA,NA,unskilledDomesticPersonalService
43,NA,asLongAsEligible,favorableAndUnfavorable,NA,NA,NA,poor,NA,NA,poor,someHighSchool,NA,NA,unskilledDomesticPersonalService
44,favorable,asLongAsEligible,favorable,mutualAcomodataion,NA,NA,fair,biracialLivingExperience,favorable,poor,NA,NA,NA,semiSkilled
45,favorable,NA,NA,NA,liberalFriend,liberal,poor,NA,NA,good,NA,NA,NA,whiteColorSkilled
46,favorable,permanent,favorable,NA,liberalFriend,liberal,NA,NA,NA,NA,gradeSchoolOrLess,NA,favorable,NA
47,favorable,asLongAsEligible,favorable,mutualAcomodataion,liberalFriend,liberal,good,biracialLivingExperience,favorable,fair,NA,NA,NA,semiSkilled
48,favorable,NA,favorable,conflict,NA,NA,hardToSay,biracialLivingExperience,favorable,poor,NA,NA,NA,unskilledDomesticPersonalService
49,favorable,permanent,NA,NA,NA,NA,poor,NA,favorable,poor,highSchoolGraduate,NA,NA,unskilledDomesticPersonalService
50,favorable,asLongAsEligible,favorableAndUnfavorable,mutualAcomodataion,NA,NA,poor,biracialLivingExperience,favorable,fair,someHighSchool,NA,NA,semiSkilled
51,favorable,NA,favorableAndUnfavorable,NA,liberalFriend,ambivalent,NA,NA,favorable,NA,NA,NA,NA,NA
52,NA,untilBetterPlace,NA,NA,NA,NA,poor,NA,favorable,poor,someHighSchool,NA,NA,unskilledDomesticPersonalService
53,favorable,asLongAsEligible,favorable,NA,liberalFriend,liberal,NA,NA,NA,NA,NA,favorable,NA,NA
54,favorable,NA,favorableAndUnfavorable,NA,ambivalentFriend,ambivalent,poor,NA,NA,good,someHighSchool,NA,NA,unskilledDomesticPersonalService
55,favorable,untilBetterPlace,favorableAndUnfavorable,NA,NA,NA,NA,NA,NA,NA,NA,NA,NA,NA
56,favorable,NA,NA,NA,NA,NA,poor,NA,NA,hardToSay,someHighSchool,favorable,NA,unskilledDomesticPersonalService
57,favorable,asLongAsEligible,unfavorable,mutualAcomodataion,NA,NA,hardToSay,biracialLivingExperience,favorable,poor,NA,NA,NA,semiSkilled
58,favorable,permanent,unfavorable,mutualAcomodataion,ambivalentFriend,liberal,poor,biracialLivingExperience,favorable,poor,NA,unfavorable,NA,semiSkilled
59,favorable,asLongAsEligible,NA,NA,NA,NA,NA,NA,favorable,NA,highSchoolGraduate,NA,NA,NA
60,NA,NA,NA,mutualAcomodataion,NA,NA,NA,biracialLivingExperience,NA,NA,highSchoolGraduate,NA,NA,NA
61,unfavorable,permanent,NA,conflict,liberalFriend,liberal,NA,biracialLivingExperience,favorable,NA,NA,NA,NA,NA
62,favorable,asLongAsEligible,favorable,mutualAcomodataion,liberalFriend,liberal,NA,biracialLivingExperience,NA,NA,gradeSchoolOrLess,NA,NA,NA
63,favorable,asLongAsEligible,NA,conflict,liberalFriend,ambivalent,poor,biracialLivingExperience,NA,good,gradeSchoolOrLess,NA,NA,unskilledDomesticPersonalService
64,favorable,asLongAsEligible,favorable,NA,NA,NA,NA,NA,NA,NA,NA,NA,NA,NA
65,favorable,NA,favorable,NA,NA,NA,poor,NA,favorable,poor,gradeSchoolOrLess,NA,NA,unskilledDomesticPersonalService
66,favorable,untilBetterPlace,favorableAndUnfavorable,NA,NA,NA,good,NA,favorable,poor,gradeSchoolOrLess,NA,NA,unskilledDomesticPersonalService
67,favorable,NA,favorable,NA,liberalFriend,liberal,hardToSay,NA,NA,good,NA,NA,NA,unskilledDomesticPersonalService
68,favorable,asLongAsEligible,NA,NA,liberalFriend,liberal,good,NA,favorable,good,someHighSchool,NA,NA,whiteColorSkilled
69,favorable,asLongAsEligible,NA,integration,liberalFriend,liberal,poor,biracialLivingExperience,NA,fair,NA,NA,NA,unskilledDomesticPersonalService
70,favorable,NA,noComments,NA,liberalFriend,liberal,NA,NA,favorable,NA,NA,NA,NA,NA
71,favorable,asLongAsEligible,unfavorable,mutualAcomodataion,liberalFriend,liberal,poor,biracialLivingExperience,NA,hardToSay,highSchoolGraduate,NA,NA,unskilledDomesticPersonalService
72,unfavorable,NA,NA,NA,NA,NA,NA,NA,unfavorable,NA,someHighSchool,NA,NA,NA
73,favorable,permanent,NA,NA,liberalFriend,ambivalent,poor,NA,favorable,good,someHighSchool,favorable,NA,unskilledDomesticPersonalService
74,favorable,asLongAsEligible,favorable,mutualAcomodataion,NA,NA,NA,biracialLivingExperience,NA,NA,someHighSchool,NA,NA,NA
75,favorable,untilBetterPlace,NA,integration,NA,NA,NA,biracialLivingExperience,favorable,NA,someHighSchool,NA,NA,NA
76,favorable,NA,favorableAndUnfavorable,NA,NA,NA,good,NA,NA,good,someHighSchool,NA,NA,whiteColorSkilled
77,NA,permanent,favorable,NA,NA,NA,poor,NA,favorable,poor,gradeSchoolOrLess,NA,NA,unskilledDomesticPersonalService
78,favorable,neverThoughtAboutIt,favorable,mutualAcomodataion,NA,NA,good,biracialLivingExperience,favorable,hardToSay,someHighSchool,NA,NA,unskilledDomesticPersonalService
79,favorable,NA,favorable,NA,NA,NA,NA,NA,unfavorable,NA,someHighSchool,NA,NA,NA
80,favorable,permanent,NA,NA,NA,NA,NA,NA,favorable,NA,highSchoolGraduate,NA,NA,NA
81,favorable,untilBetterPlace,NA,NA,NA,NA,fair,NA,favorable,poor,highSchoolGraduate,NA,NA,unskilledDomesticPersonalService
82,favorable,NA,unfavorable,NA,ambivalentFriend,liberal,NA,NA,NA,NA,highSchoolGraduate,favorable,NA,NA
83,favorable,untilOwnHome,unfavorable,mutualAcomodataion,liberalFriend,liberal,good,biracialLivingExperience,favorable,fair,gradeSchoolOrLess,NA,NA,whiteColorSkilled
84,favorable,asLongAsEligible,favorable,NA,liberalFriend,liberal,hardToSay,NA,favorable,good,someHighSchool,NA,NA,whiteColorSkilled
85,NA,NA,favorable,NA,liberalFriend,liberal,hardToSay,NA,favorable,good,someHighSchool,NA,favorable,semiSkilled
86,favorable,asLongAsEligible,favorableAndUnfavorable,conflict,NA,NA,good,biracialLivingExperience,NA,good,gradeSchoolOrLess,NA,unfavorable,whiteColorSkilled
87,favorable,NA,favorable,mutualAcomodataion,liberalFriend,liberal,NA,biracialLivingExperience,favorable,NA,someHighSchool,NA,NA,NA
88,favorable,asLongAsEligible,favorable,mutualAcomodataion,NA,NA,NA,biracialLivingExperience,favorable,NA,gradeSchoolOrLess,NA,NA,NA
89,favorable,neverThoughtAboutIt,favorable,NA,liberalFriend,liberal,NA,NA,unfavorable,NA,NA,NA,NA,NA
90,favorable,asLongAsEligible,favorable,NA,liberalFriend,liberal,NA,NA,favorable,NA,someHighSchool,NA,NA,NA
91,favorable,NA,NA,NA,liberalFriend,liberal,hardToSay,NA,favorable,fair,gradeSchoolOrLess,favorable,NA,unskilledDomesticPersonalService
92,favorable,permanent,favorable,NA,liberalFriend,liberal,NA,NA,unfavorable,NA,highSchoolGraduate,NA,NA,NA
93,NA,neverThoughtAboutIt,NA,NA,NA,NA,NA,NA,favorable,NA,someHighSchool,unfavorable,NA,NA
94,NA,asLongAsEligible,favorable,NA,NA,NA,NA,NA,NA,NA,NA,NA,NA,NA
95,unfavorable,permanent,NA,NA,NA,NA,poor,NA,NA,fair,NA,favorable,NA,unskilledDomesticPersonalService
96,NA,untilOwnHome,favorableAndUnfavorable,mutualAcomodataion,liberalFriend,liberal,NA,biracialLivingExperience,favorable,NA,NA,NA,NA,NA
97,favorable,asLongAsEligible,NA,NA,NA,NA,NA,NA,favorable,NA,NA,NA,NA,NA
98,favorable,NA,favorable,conflict,liberalFriend,liberal,poor,biracialLivingExperience,NA,good,someHighSchool,NA,unfavorable,unskilledDomesticPersonalService
99,favorable,NA,unfavorable,NA,NA,NA,poor,NA,favorable,hardToSay,gradeSchoolOrLess,NA,NA,unskilledDomesticPersonalService
100,favorable,asLongAsEligible,favorable,NA,NA,NA,good,NA,favorable,poor,highSchoolGraduate,NA,NA,unskilledDomesticPersonalService
101,favorable,NA,favorable,NA,ambivalentFriend,liberal,NA,NA,NA,NA,gradeSchoolOrLess,NA,NA,NA
102,favorable,NA,NA,NA,NA,NA,NA,NA,favorable,NA,someHighSchool,favorable,favorable,NA
103,favorable,asLongAsEligible,favorable,mutualAcomodataion,liberalFriend,liberal,NA,biracialLivingExperience,NA,NA,NA,NA,NA,NA
104,favorable,neverThoughtAboutIt,favorable,NA,liberalFriend,liberal,NA,NA,favorable,NA,highSchoolGraduate,NA,NA,NA
105,favorable,untilBetterPlace,favorableAndUnfavorable,NA,NA,NA,NA,NA,favorable,NA,gradeSchoolOrLess,NA,NA,NA
106,favorable,NA,NA,mutualAcomodataion,NA,NA,NA,biracialLivingExperience,favorable,NA,someHighSchool,NA,favorable,NA
107,favorable,permanent,favorable,NA,ambivalentFriend,liberal,fair,NA,NA,good,NA,NA,NA,semiSkilled
108,favorable,untilBetterPlace,NA,integration,NA,NA,NA,biracialLivingExperience,unfavorable,NA,someHighSchool,NA,NA,NA
109,NA,asLongAsEligible,favorable,mutualAcomodataion,NA,NA,NA,biracialLivingExperience,favorable,NA,NA,NA,NA,NA
110,favorable,untilOwnHome,favorable,NA,NA,NA,poor,NA,favorable,hardToSay,NA,NA,NA,unskilledDomesticPersonalService
111,favorable,permanent,NA,NA,NA,NA,fair,NA,favorable,hardToSay,gradeSchoolOrLess,NA,NA,unskilledDomesticPersonalService
112,favorable,NA,favorable,NA,NA,NA,fair,NA,NA,hardToSay,someHighSchool,NA,NA,unskilledDomesticPersonalService
113,favorable,permanent,NA,NA,NA,NA,good,NA,favorable,good,gradeSchoolOrLess,NA,NA,semiSkilled
114,favorable,permanent,favorable,conflict,NA,NA,NA,biracialLivingExperience,favorable,NA,gradeSchoolOrLess,NA,NA,NA
115,NA,untilBetterPlace,unfavorable,conflict,NA,NA,NA,biracialLivingExperience,favorable,NA,gradeSchoolOrLess,NA,NA,NA
116,favorable,NA,NA,NA,NA,NA,NA,NA,favorable,NA,gradeSchoolOrLess,NA,NA,NA
117,favorable,neverThoughtAboutIt,favorable,mutualAcomodataion,liberalFriend,liberal,poor,biracialLivingExperience,NA,hardToSay,gradeSchoolOrLess,NA,NA,unskilledDomesticPersonalService
118,unfavorable,asLongAsEligible,favorableAndUnfavorable,mutualAcomodataion,ambivalentFriend,liberal,NA,biracialLivingExperience,NA,NA,someHighSchool,NA,NA,NA
119,favorable,asLongAsEligible,NA,mutualAcomodataion,NA,NA,hardToSay,biracialLivingExperience,favorable,poor,gradeSchoolOrLess,NA,NA,unskilledDomesticPersonalService
120,favorable,asLongAsEligible,NA,NA,NA,NA,NA,NA,favorable,NA,gradeSchoolOrLess,NA,NA,NA
121,favorable,permanent,favorable,NA,liberalFriend,liberal,NA,NA,favorable,NA,NA,NA,NA,NA
122,favorable,permanent,favorableAndUnfavorable,mutualAcomodataion,ambivalentFriend,liberal,poor,biracialLivingExperience,favorable,poor,NA,NA,NA,semiSkilled
123,favorable,asLongAsEligible,unfavorable,NA,NA,NA,NA,NA,favorable,NA,NA,NA,NA,NA
124,favorable,NA,NA,mutualAcomodataion,liberalFriend,liberal,fair,biracialLivingExperience,unfavorable,poor,someHighSchool,NA,NA,semiSkilled
125,favorable,neverThoughtAboutIt,NA,NA,NA,NA,NA,NA,NA,NA,someHighSchool,NA,NA,NA
126,unfavorable,asLongAsEligible,NA,NA,NA,NA,NA,NA,favorable,NA,gradeSchoolOrLess,NA,favorable,NA
127,favorable,asLongAsEligible,NA,mutualAcomodataion,liberalFriend,liberal,NA,biracialLivingExperience,favorable,NA,NA,NA,NA,NA
128,favorable,permanent,unfavorable,NA,NA,NA,poor,NA,favorable,good,NA,NA,favorable,whiteColorSkilled
129,favorable,NA,NA,conflict,NA,NA,NA,biracialLivingExperience,favorable,NA,someHighSchool,NA,NA,NA
130,favorable,NA,favorable,mutualAcomodataion,NA,NA,poor,biracialLivingExperience,NA,hardToSay,gradeSchoolOrLess,NA,NA,unskilledDomesticPersonalService
131,favorable,neverThoughtAboutIt,favorable,mutualAcomodataion,ambivalentFriend,liberal,good,biracialLivingExperience,NA,poor,NA,unfavorable,NA,unskilledDomesticPersonalService
132,unfavorable,NA,unfavorable,conflict,NA,NA,NA,biracialLivingExperience,NA,NA,gradeSchoolOrLess,NA,NA,NA
133,favorable,NA,favorable,NA,NA,NA,hardToSay,NA,favorable,good,NA,NA,NA,unskilledDomesticPersonalService
134,favorable,NA,favorable,NA,NA,NA,hardToSay,NA,NA,poor,NA,NA,NA,unskilledDomesticPersonalService
135,favorable,untilBetterPlace,NA,integration,NA,NA,NA,biracialLivingExperience,favorable,NA,gradeSchoolOrLess,NA,NA,NA
136,unfavorable,asLongAsEligible,NA,mutualAcomodataion,liberalFriend,liberal,poor,biracialLivingExperience,NA,good,someHighSchool,NA,NA,unskilledDomesticPersonalService
137,favorable,untilBetterPlace,NA,mutualAcomodataion,NA,NA,hardToSay,biracialLivingExperience,favorable,fair,NA,unfavorable,NA,whiteColorSkilled
138,favorable,permanent,unfavorable,NA,NA,NA,fair,NA,favorable,poor,gradeSchoolOrLess,NA,NA,unskilledDomesticPersonalService
139,favorable,NA,unfavorable,NA,NA,NA,poor,NA,favorable,hardToSay,someHighSchool,favorable,NA,unskilledDomesticPersonalService
140,favorable,NA,unfavorable,conflict,NA,NA,NA,biracialLivingExperience,NA,NA,someHighSchool,NA,NA,NA
141,favorable,untilBetterPlace,favorable,mutualAcomodataion,liberalFriend,liberal,NA,biracialLivingExperience,favorable,NA,someHighSchool,NA,NA,NA
142,favorable,neverThoughtAboutIt,NA,mutualAcomodataion,NA,NA,NA,biracialLivingExperience,favorable,NA,NA,NA,NA,NA
143,NA,NA,favorable,NA,NA,NA,NA,NA,NA,NA,someHighSchool,NA,NA,NA
144,favorable,NA,favorable,NA,ambivalentFriend,liberal,fair,NA,favorable,hardToSay,NA,NA,NA,semiSkilled
145,favorable,permanent,NA,NA,NA,NA,NA,NA,NA,NA,someHighSchool,NA,NA,NA
146,favorable,NA,unfavorable,NA,liberalFriend,ambivalent,NA,NA,NA,NA,NA,favorable,NA,NA
147,favorable,permanent,favorableAndUnfavorable,NA,NA,NA,good,NA,NA,hardToSay,gradeSchoolOrLess,NA,NA,unskilledDomesticPersonalService
148,favorable,asLongAsEligible,unfavorable,NA,liberalFriend,liberal,NA,NA,favorable,NA,NA,NA,NA,NA
149,favorable,neverThoughtAboutIt,favorable,conflict,NA,NA,NA,biracialLivingExperience,favorable,NA,highSchoolGraduate,NA,NA,NA
150,favorable,asLongAsEligible,favorable,NA,liberalFriend,liberal,NA,NA,NA,NA,gradeSchoolOrLess,NA,NA,NA
151,NA,neverThoughtAboutIt,favorable,NA,NA,NA,poor,NA,NA,hardToSay,highSchoolGraduate,NA,NA,unskilledDomesticPersonalService
152,favorable,untilBetterPlace,favorable,NA,NA,NA,NA,NA,NA,NA,gradeSchoolOrLess,NA,NA,NA
153,favorable,asLongAsEligible,NA,NA,liberalFriend,liberal,hardToSay,NA,favorable,poor,someHighSchool,NA,NA,unskilledDomesticPersonalService
154,NA,untilBetterPlace,noComments,mutualAcomodataion,NA,NA,NA,biracialLivingExperience,NA,NA,NA,NA,NA,NA
155,favorable,neverThoughtAboutIt,favorable,mutualAcomodataion,NA,NA,NA,biracialLivingExperience,favorable,NA,highSchoolGraduate,NA,NA,NA
156,NA,NA,favorable,mutualAcomodataion,NA,NA,hardToSay,biracialLivingExperience,favorable,good,gradeSchoolOrLess,NA,NA,whiteColorSkilled
157,favorable,NA,favorable,NA,liberalFriend,liberal,NA,NA,NA,NA,NA,NA,NA,NA
158,favorable,NA,favorableAndUnfavorable,NA,NA,NA,NA,NA,favorable,NA,gradeSchoolOrLess,favorable,NA,NA
159,unfavorable,untilOwnHome,NA,NA,liberalFriend,liberal,NA,NA,favorable,NA,someHighSchool,NA,NA,NA
160,favorable,NA,NA,mutualAcomodataion,NA,NA,poor,biracialLivingExperience,NA,poor,someHighSchool,NA,unfavorable,unskilledDomesticPersonalService
161,favorable,neverThoughtAboutIt,favorableAndUnfavorable,NA,liberalFriend,liberal,NA,NA,NA,NA,gradeSchoolOrLess,NA,NA,NA
162,NA,asLongAsEligible,favorable,NA,NA,NA,poor,NA,favorable,good,NA,favorable,NA,unskilledDomesticPersonalService
163,NA,NA,favorable,conflict,NA,NA,good,noBiracialLivingExperience,favorable,fair,someHighSchool,NA,NA,unskilledDomesticPersonalService
164,favorable,asLongAsEligible,NA,mutualAcomodataion,liberalFriend,liberal,NA,biracialLivingExperience,favorable,NA,NA,NA,NA,NA
165,favorable,NA,favorable,NA,NA,NA,NA,NA,favorable,NA,gradeSchoolOrLess,NA,NA,NA
166,favorable,neverThoughtAboutIt,noComments,mutualAcomodataion,liberalFriend,ambivalent,hardToSay,biracialLivingExperience,favorable,poor,NA,NA,NA,semiSkilled
167,favorable,neverThoughtAboutIt,noComments,mutualAcomodataion,liberalFriend,liberal,poor,biracialLivingExperience,favorable,hardToSay,NA,NA,NA,unskilledDomesticPersonalService
168,favorable,untilBetterPlace,favorable,NA,NA,NA,good,NA,NA,hardToSay,NA,NA,favorable,unskilledDomesticPersonalService
169,favorable,asLongAsEligible,NA,NA,liberalFriend,liberal,good,NA,favorable,good,NA,NA,NA,semiSkilled
170,favorable,NA,NA,mutualAcomodataion,NA,NA,poor,biracialLivingExperience,NA,hardToSay,gradeSchoolOrLess,NA,NA,unskilledDomesticPersonalService
171,favorable,untilBetterPlace,unfavorable,NA,liberalFriend,liberal,poor,NA,favorable,good,highSchoolGraduate,NA,NA,unskilledDomesticPersonalService
172,favorable,neverThoughtAboutIt,favorable,NA,liberalFriend,liberal,good,NA,NA,poor,someHighSchool,favorable,NA,unskilledDomesticPersonalService
173,favorable,NA,favorable,NA,liberalFriend,liberal,poor,NA,NA,good,gradeSchoolOrLess,NA,NA,semiSkilled
174,favorable,asLongAsEligible,favorable,mutualAcomodataion,ambivalentFriend,liberal,poor,biracialLivingExperience,favorable,good,gradeSchoolOrLess,NA,NA,unskilledDomesticPersonalService
175,favorable,neverThoughtAboutIt,NA,NA,NA,NA,poor,NA,NA,poor,NA,NA,favorable,unskilledDomesticPersonalService
176,favorable,asLongAsEligible,favorable,NA,liberalFriend,liberal,poor,NA,favorable,poor,NA,NA,NA,unskilledDomesticPersonalService
177,favorable,asLongAsEligible,unfavorable,mutualAcomodataion,liberalFriend,ambivalent,poor,biracialLivingExperience,favorable,poor,gradeSchoolOrLess,NA,NA,whiteColorSkilled
178,favorable,untilBetterPlace,NA,conflict,NA,NA,poor,biracialLivingExperience,NA,poor,highSchoolGraduate,NA,NA,unskilledDomesticPersonalService
179,favorable,asLongAsEligible,favorable,NA,NA,NA,NA,NA,favorable,NA,NA,NA,favorable,NA
180,favorable,NA,favorable,NA,NA,NA,NA,NA,favorable,NA,someHighSchool,NA,NA,NA
181,favorable,NA,NA,mutualAcomodataion,NA,NA,NA,biracialLivingExperience,favorable,NA,someHighSchool,NA,NA,NA
182,unfavorable,NA,unfavorable,mutualAcomodataion,liberalFriend,liberal,NA,biracialLivingExperience,NA,NA,gradeSchoolOrLess,NA,NA,NA
183,favorable,permanent,NA,NA,NA,NA,poor,NA,favorable,poor,NA,NA,NA,unskilledDomesticPersonalService
184,favorable,NA,favorable,NA,liberalFriend,liberal,poor,NA,favorable,fair,NA,NA,NA,semiSkilled
185,favorable,asLongAsEligible,favorable,mutualAcomodataion,NA,NA,good,biracialLivingExperience,favorable,poor,someHighSchool,favorable,NA,unskilledDomesticPersonalService
186,favorable,NA,NA,NA,NA,NA,NA,NA,favorable,NA,gradeSchoolOrLess,NA,favorable,NA
187,favorable,asLongAsEligible,NA,NA,liberalFriend,liberal,poor,NA,favorable,poor,NA,NA,NA,unskilledDomesticPersonalService
188,NA,neverThoughtAboutIt,favorable,mutualAcomodataion,liberalFriend,liberal,good,noBiracialLivingExperience,favorable,poor,gradeSchoolOrLess,favorable,NA,unskilledDomesticPersonalService
189,favorable,asLongAsEligible,favorableAndUnfavorable,mutualAcomodataion,NA,NA,poor,biracialLivingExperience,favorable,good,gradeSchoolOrLess,NA,NA,unskilledDomesticPersonalService
190,favorable,asLongAsEligible,unfavorable,mutualAcomodataion,NA,NA,poor,biracialLivingExperience,favorable,hardToSay,NA,NA,NA,unskilledDomesticPersonalService
191,favorable,asLongAsEligible,favorable,NA,NA,NA,NA,NA,NA,NA,someHighSchool,NA,NA,NA
192,unfavorable,asLongAsEligible,favorableAndUnfavorable,NA,liberalFriend,liberal,poor,NA,favorable,fair,gradeSchoolOrLess,NA,NA,unskilledDomesticPersonalService
193,favorable,asLongAsEligible,NA,NA,liberalFriend,liberal,hardToSay,NA,favorable,fair,highSchoolGraduate,NA,NA,unskilledDomesticPersonalService
194,NA,untilBetterPlace,favorable,NA,NA,NA,poor,NA,favorable,poor,someHighSchool,NA,NA,unskilledDomesticPersonalService
195,favorable,asLongAsEligible,favorable,mutualAcomodataion,NA,NA,NA,biracialLivingExperience,favorable,NA,gradeSchoolOrLess,NA,NA,NA
196,unfavorable,neverThoughtAboutIt,favorableAndUnfavorable,NA,liberalFriend,liberal,poor,NA,favorable,good,gradeSchoolOrLess,NA,NA,unskilledDomesticPersonalService
197,favorable,untilBetterPlace,favorableAndUnfavorable,NA,NA,NA,good,NA,favorable,poor,NA,NA,NA,semiSkilled
198,NA,asLongAsEligible,noComments,integration,NA,NA,good,biracialLivingExperience,favorable,good,someHighSchool,NA,NA,whiteColorSkilled
199,favorable,NA,noComments,NA,NA,NA,poor,NA,favorable,poor,highSchoolGraduate,NA,NA,unskilledDomesticPersonalService
200,favorable,untilBetterPlace,NA,NA,NA,NA,good,NA,NA,poor,gradeSchoolOrLess,NA,NA,semiSkilled
201,favorable,asLongAsEligible,NA,integration,NA,NA,fair,biracialLivingExperience,NA,fair,NA,favorable,NA,semiSkilled
202,favorable,asLongAsEligible,favorable,NA,NA,NA,NA,NA,NA,NA,NA,NA,NA,NA
203,favorable,permanent,favorableAndUnfavorable,mutualAcomodataion,NA,NA,poor,biracialLivingExperience,favorable,good,NA,NA,NA,semiSkilled
204,favorable,untilOwnHome,NA,integration,liberalFriend,liberal,poor,biracialLivingExperience,favorable,poor,gradeSchoolOrLess,unfavorable,NA,unskilledDomesticPersonalService
205,favorable,asLongAsEligible,favorable,NA,NA,NA,NA,NA,favorable,NA,NA,NA,favorable,NA
206,NA,neverThoughtAboutIt,NA,NA,ambivalentFriend,liberal,NA,NA,NA,NA,gradeSchoolOrLess,NA,NA,NA
207,favorable,NA,unfavorable,mutualAcomodataion,liberalFriend,liberal,poor,noBiracialLivingExperience,favorable,poor,gradeSchoolOrLess,NA,NA,unskilledDomesticPersonalService
208,favorable,neverThoughtAboutIt,favorable,integration,NA,NA,fair,biracialLivingExperience,favorable,good,gradeSchoolOrLess,NA,NA,semiSkilled
209,favorable,NA,favorable,mutualAcomodataion,NA,NA,NA,biracialLivingExperience,NA,NA,someHighSchool,NA,NA,NA
210,favorable,NA,favorableAndUnfavorable,mutualAcomodataion,NA,NA,poor,biracialLivingExperience,NA,hardToSay,gradeSchoolOrLess,favorable,NA,unskilledDomesticPersonalService
211,favorable,NA,favorable,mutualAcomodataion,NA,NA,good,biracialLivingExperience,favorable,poor,highSchoolGraduate,favorable,NA,unskilledDomesticPersonalService
212,favorable,asLongAsEligible,favorable,conflict,liberalFriend,liberal,NA,biracialLivingExperience,NA,NA,NA,favorable,NA,NA
213,favorable,NA,NA,NA,NA,NA,poor,NA,favorable,poor,gradeSchoolOrLess,NA,NA,semiSkilled
214,favorable,untilBetterPlace,unfavorable,conflict,liberalFriend,ambivalent,NA,biracialLivingExperience,NA,NA,NA,NA,NA,NA
215,NA,NA,favorable,NA,NA,NA,NA,NA,favorable,NA,someHighSchool,NA,NA,NA
216,NA,asLongAsEligible,favorable,conflict,ambivalentFriend,liberal,poor,biracialLivingExperience,favorable,poor,someHighSchool,NA,NA,unskilledDomesticPersonalService
217,unfavorable,asLongAsEligible,noComments,NA,liberalFriend,liberal,hardToSay,NA,favorable,poor,someHighSchool,NA,NA,unskilledDomesticPersonalService
218,favorable,untilBetterPlace,favorable,NA,NA,NA,poor,NA,favorable,hardToSay,gradeSchoolOrLess,NA,NA,unskilledDomesticPersonalService
219,NA,permanent,favorableAndUnfavorable,mutualAcomodataion,liberalFriend,liberal,good,biracialLivingExperience,NA,good,gradeSchoolOrLess,NA,NA,unskilledDomesticPersonalService
220,favorable,permanent,favorable,NA,liberalFriend,liberal,NA,NA,NA,NA,gradeSchoolOrLess,NA,favorable,NA
221,NA,asLongAsEligible,unfavorable,NA,liberalFriend,ambivalent,NA,NA,NA,NA,highSchoolGraduate,favorable,NA,NA
222,favorable,NA,unfavorable,NA,NA,NA,NA,NA,NA,NA,someHighSchool,NA,NA,NA
223,favorable,neverThoughtAboutIt,favorableAndUnfavorable,mutualAcomodataion,NA,NA,poor,biracialLivingExperience,NA,fair,gradeSchoolOrLess,NA,NA,unskilledDomesticPersonalService
224,favorable,asLongAsEligible,unfavorable,NA,NA,NA,poor,NA,favorable,poor,highSchoolGraduate,NA,NA,unskilledDomesticPersonalService
225,NA,NA,favorable,mutualAcomodataion,liberalFriend,liberal,poor,biracialLivingExperience,favorable,poor,NA,NA,NA,whiteColorSkilled
226,favorable,permanent,favorableAndUnfavorable,mutualAcomodataion,liberalFriend,ambivalent,NA,biracialLivingExperience,favorable,NA,gradeSchoolOrLess,NA,NA,NA
227,NA,NA,favorable,NA,liberalFriend,liberal,NA,NA,favorable,NA,NA,favorable,NA,NA
228,favorable,permanent,NA,NA,NA,NA,fair,NA,NA,poor,gradeSchoolOrLess,NA,NA,unskilledDomesticPersonalService
229,favorable,neverThoughtAboutIt,NA,NA,liberalFriend,liberal,poor,NA,favorable,fair,someHighSchool,NA,favorable,semiSkilled
230,favorable,asLongAsEligible,NA,conflict,liberalFriend,liberal,poor,biracialLivingExperience,favorable,poor,NA,NA,NA,unskilledDomesticPersonalService
231,favorable,NA,favorable,NA,liberalFriend,liberal,poor,NA,favorable,poor,highSchoolGraduate,favorable,NA,unskilledDomesticPersonalService
232,favorable,permanent,favorable,NA,NA,NA,NA,NA,favorable,NA,someHighSchool,NA,NA,NA
233,favorable,asLongAsEligible,favorable,conflict,NA,NA,NA,biracialLivingExperience,NA,NA,NA,NA,NA,NA
234,favorable,untilBetterPlace,favorableAndUnfavorable,conflict,NA,NA,NA,biracialLivingExperience,favorable,NA,NA,NA,NA,NA
235,favorable,neverThoughtAboutIt,favorable,NA,liberalFriend,liberal,fair,NA,favorable,hardToSay,NA,NA,NA,unskilledDomesticPersonalService
236,favorable,NA,unfavorable,NA,NA,NA,NA,NA,favorable,NA,NA,NA,NA,NA
237,NA,untilOwnHome,unfavorable,NA,NA,NA,NA,NA,favorable,NA,highSchoolGraduate,NA,NA,NA
238,favorable,NA,favorableAndUnfavorable,NA,liberalFriend,liberal,NA,NA,favorable,NA,highSchoolGraduate,NA,NA,NA
239,favorable,NA,NA,NA,NA,NA,NA,NA,favorable,NA,someHighSchool,NA,NA,NA
240,favorable,untilBetterPlace,favorable,NA,NA,NA,good,NA,NA,good,NA,NA,NA,semiSkilled
241,NA,NA,NA,NA,liberalFriend,liberal,poor,NA,favorable,poor,NA,NA,NA,unskilledDomesticPersonalService
242,favorable,untilBetterPlace,favorable,NA,ambivalentFriend,liberal,poor,NA,NA,fair,NA,NA,NA,semiSkilled
243,favorable,NA,favorable,NA,liberalFriend,liberal,fair,NA,favorable,good,someHighSchool,NA,NA,unskilledDomesticPersonalService
244,favorable,NA,favorableAndUnfavorable,mutualAcomodataion,NA,NA,poor,biracialLivingExperience,favorable,good,gradeSchoolOrLess,favorable,favorable,unskilledDomesticPersonalService
245,favorable,asLongAsEligible,favorable,conflict,liberalFriend,ambivalent,NA,biracialLivingExperience,favorable,NA,gradeSchoolOrLess,NA,NA,NA
246,favorable,neverThoughtAboutIt,favorable,NA,NA,NA,good,NA,favorable,poor,gradeSchoolOrLess,NA,NA,unskilledDomesticPersonalService
247,NA,untilOwnHome,favorable,NA,NA,NA,NA,NA,favorable,NA,gradeSchoolOrLess,unfavorable,NA,NA
248,favorable,neverThoughtAboutIt,unfavorable,mutualAcomodataion,NA,NA,poor,biracialLivingExperience,favorable,poor,NA,NA,NA,whiteColorSkilled
249,favorable,untilOwnHome,favorable,NA,liberalFriend,liberal,poor,NA,NA,poor,someHighSchool,NA,favorable,unskilledDomesticPersonalService
250,unfavorable,NA,favorable,NA,liberalFriend,liberal,poor,NA,NA,poor,NA,NA,favorable,unskilledDomesticPersonalService
251,unfavorable,untilBetterPlace,favorable,mutualAcomodataion,NA,NA,fair,biracialLivingExperience,NA,hardToSay,gradeSchoolOrLess,NA,NA,semiSkilled
252,favorable,untilBetterPlace,favorable,mutualAcomodataion,liberalFriend,liberal,poor,noBiracialLivingExperience,favorable,good,highSchoolGraduate,NA,NA,semiSkilled
253,favorable,NA,favorable,NA,NA,NA,poor,NA,NA,hardToSay,NA,NA,NA,unskilledDomesticPersonalService
254,favorable,asLongAsEligible,NA,NA,NA,NA,NA,NA,favorable,NA,NA,NA,NA,NA
255,favorable,NA,favorable,mutualAcomodataion,liberalFriend,liberal,NA,noBiracialLivingExperience,favorable,NA,gradeSchoolOrLess,NA,NA,NA
256,favorable,NA,NA,NA,liberalFriend,liberal,NA,NA,favorable,NA,NA,NA,NA,NA
257,unfavorable,NA,unfavorable,NA,liberalFriend,liberal,poor,NA,favorable,poor,NA,NA,NA,unskilledDomesticPersonalService
258,favorable,neverThoughtAboutIt,favorable,NA,liberalFriend,liberal,NA,NA,favorable,NA,NA,favorable,NA,NA
259,favorable,neverThoughtAboutIt,favorableAndUnfavorable,NA,liberalFriend,liberal,NA,NA,NA,NA,gradeSchoolOrLess,NA,NA,NA
260,favorable,NA,NA,mutualAcomodataion,liberalFriend,liberal,NA,biracialLivingExperience,favorable,NA,NA,NA,NA,NA
261,favorable,neverThoughtAboutIt,favorableAndUnfavorable,integration,liberalFriend,ambivalent,poor,biracialLivingExperience,NA,poor,gradeSchoolOrLess,NA,NA,unskilledDomesticPersonalService
262,favorable,neverThoughtAboutIt,NA,conflict,NA,NA,poor,biracialLivingExperience,favorable,hardToSay,someHighSchool,NA,NA,semiSkilled
263,favorable,asLongAsEligible,favorable,mutualAcomodataion,liberalFriend,liberal,poor,biracialLivingExperience,NA,poor,NA,NA,NA,unskilledDomesticPersonalService
264,unfavorable,asLongAsEligible,favorable,mutualAcomodataion,liberalFriend,liberal,NA,biracialLivingExperience,favorable,NA,highSchoolGraduate,favorable,NA,NA
265,favorable,asLongAsEligible,NA,mutualAcomodataion,liberalFriend,liberal,hardToSay,biracialLivingExperience,NA,good,highSchoolGraduate,NA,NA,unskilledDomesticPersonalService
266,favorable,neverThoughtAboutIt,favorable,NA,NA,NA,poor,NA,NA,poor,someHighSchool,NA,NA,unskilledDomesticPersonalService
267,favorable,asLongAsEligible,favorable,mutualAcomodataion,NA,NA,poor,biracialLivingExperience,favorable,poor,NA,NA,NA,unskilledDomesticPersonalService
268,NA,untilBetterPlace,favorable,NA,NA,NA,NA,NA,NA,NA,highSchoolGraduate,favorable,favorable,NA
269,NA,neverThoughtAboutIt,favorableAndUnfavorable,mutualAcomodataion,liberalFriend,liberal,NA,biracialLivingExperience,NA,NA,someHighSchool,NA,NA,NA
270,favorable,NA,favorableAndUnfavorable,NA,ambivalentFriend,liberal,hardToSay,NA,favorable,hardToSay,NA,NA,NA,unskilledDomesticPersonalService
271,favorable,asLongAsEligible,NA,NA,ambivalentFriend,liberal,NA,NA,favorable,NA,NA,NA,NA,NA
272,favorable,NA,unfavorable,mutualAcomodataion,NA,NA,NA,biracialLivingExperience,favorable,NA,NA,NA,NA,NA
273,favorable,neverThoughtAboutIt,favorable,NA,liberalFriend,liberal,poor,NA,favorable,good,gradeSchoolOrLess,NA,NA,unskilledDomesticPersonalService
274,favorable,NA,NA,mutualAcomodataion,ambivalentFriend,ambivalent,fair,biracialLivingExperience,favorable,good,someHighSchool,NA,NA,unskilledDomesticPersonalService
275,favorable,permanent,favorable,NA,liberalFriend,liberal,NA,NA,favorable,NA,someHighSchool,NA,NA,NA
276,favorable,NA,favorable,mutualAcomodataion,NA,NA,NA,biracialLivingExperience,NA,NA,highSchoolGraduate,favorable,NA,NA
277,favorable,asLongAsEligible,favorable,NA,liberalFriend,liberal,poor,NA,NA,poor,NA,favorable,favorable,unskilledDomesticPersonalService
278,favorable,asLongAsEligible,favorable,NA,liberalFriend,liberal,NA,NA,favorable,NA,NA,NA,NA,NA
279,favorable,untilOwnHome,noComments,mutualAcomodataion,liberalFriend,liberal,good,biracialLivingExperience,NA,good,NA,NA,NA,unskilledDomesticPersonalService
280,favorable,NA,unfavorable,NA,NA,NA,poor,NA,NA,good,highSchoolGraduate,NA,NA,whiteColorSkilled
281,favorable,asLongAsEligible,favorable,NA,NA,NA,NA,NA,NA,NA,NA,NA,NA,NA
282,favorable,NA,favorableAndUnfavorable,NA,liberalFriend,liberal,good,NA,NA,good,gradeSchoolOrLess,NA,NA,unskilledDomesticPersonalService
283,favorable,asLongAsEligible,favorable,NA,ambivalentFriend,liberal,fair,NA,NA,poor,NA,favorable,NA,unskilledDomesticPersonalService
284,favorable,untilBetterPlace,favorableAndUnfavorable,NA,NA,NA,hardToSay,NA,NA,good,someHighSchool,NA,unfavorable,semiSkilled
285,favorable,permanent,favorable,mutualAcomodataion,NA,NA,poor,biracialLivingExperience,NA,poor,NA,NA,unfavorable,unskilledDomesticPersonalService
286,favorable,asLongAsEligible,favorableAndUnfavorable,mutualAcomodataion,NA,NA,poor,biracialLivingExperience,favorable,poor,NA,NA,NA,unskilledDomesticPersonalService
287,favorable,untilBetterPlace,NA,integration,NA,NA,NA,biracialLivingExperience,favorable,NA,NA,NA,NA,NA
288,favorable,asLongAsEligible,favorable,NA,liberalFriend,liberal,good,NA,favorable,good,NA,NA,NA,semiSkilled
289,favorable,NA,noComments,mutualAcomodataion,liberalFriend,liberal,poor,biracialLivingExperience,favorable,fair,gradeSchoolOrLess,NA,NA,unskilledDomesticPersonalService
290,NA,NA,favorableAndUnfavorable,NA,liberalFriend,liberal,hardToSay,NA,favorable,good,gradeSchoolOrLess,NA,NA,whiteColorSkilled
291,unfavorable,permanent,NA,NA,liberalFriend,ambivalent,NA,NA,NA,NA,NA,favorable,NA,NA
292,favorable,neverThoughtAboutIt,favorable,mutualAcomodataion,ambivalentFriend,liberal,NA,biracialLivingExperience,favorable,NA,someHighSchool,NA,NA,NA
293,favorable,asLongAsEligible,favorable,mutualAcomodataion,liberalFriend,liberal,hardToSay,biracialLivingExperience,favorable,hardToSay,highSchoolGraduate,NA,NA,unskilledDomesticPersonalService
294,favorable,neverThoughtAboutIt,favorableAndUnfavorable,conflict,liberalFriend,liberal,poor,noBiracialLivingExperience,favorable,good,highSchoolGraduate,favorable,NA,unskilledDomesticPersonalService
295,favorable,asLongAsEligible,favorable,NA,NA,NA,NA,NA,NA,NA,highSchoolGraduate,NA,NA,NA
296,favorable,permanent,noComments,NA,NA,NA,poor,NA,NA,poor,NA,favorable,NA,unskilledDomesticPersonalService
297,unfavorable,neverThoughtAboutIt,favorable,conflict,liberalFriend,ambivalent,good,biracialLivingExperience,favorable,fair,someHighSchool,favorable,NA,unskilledDomesticPersonalService
298,NA,untilBetterPlace,favorable,mutualAcomodataion,NA,NA,NA,biracialLivingExperience,NA,NA,NA,favorable,NA,NA
299,NA,neverThoughtAboutIt,favorableAndUnfavorable,NA,NA,NA,NA,NA,NA,NA,NA,NA,NA,NA
300,favorable,asLongAsEligible,unfavorable,NA,NA,NA,NA,NA,favorable,NA,gradeSchoolOrLess,NA,NA,NA
301,favorable,NA,NA,mutualAcomodataion,liberalFriend,liberal,NA,biracialLivingExperience,favorable,NA,gradeSchoolOrLess,NA,NA,NA
302,unfavorable,asLongAsEligible,favorable,NA,NA,NA,good,NA,favorable,good,highSchoolGraduate,NA,NA,unskilledDomesticPersonalService
303,favorable,neverThoughtAboutIt,NA,NA,NA,NA,poor,NA,NA,poor,highSchoolGraduate,NA,NA,unskilledDomesticPersonalService
304,NA,NA,noComments,integration,NA,NA,NA,biracialLivingExperience,favorable,NA,NA,NA,NA,NA
305,favorable,asLongAsEligible,favorableAndUnfavorable,NA,liberalFriend,ambivalent,hardToSay,NA,favorable,good,gradeSchoolOrLess,NA,NA,unskilledDomesticPersonalService
306,favorable,neverThoughtAboutIt,favorableAndUnfavorable,conflict,liberalFriend,liberal,poor,biracialLivingExperience,favorable,fair,NA,NA,NA,unskilledDomesticPersonalService
307,favorable,untilOwnHome,favorable,mutualAcomodataion,ambivalentFriend,liberal,poor,biracialLivingExperience,NA,poor,someHighSchool,NA,NA,unskilledDomesticPersonalService
308,favorable,permanent,NA,NA,NA,NA,NA,NA,NA,NA,someHighSchool,NA,favorable,NA
309,favorable,asLongAsEligible,unfavorable,NA,NA,NA,fair,NA,NA,good,gradeSchoolOrLess,NA,NA,unskilledDomesticPersonalService
310,favorable,NA,NA,mutualAcomodataion,NA,NA,NA,biracialLivingExperience,NA,NA,someHighSchool,NA,NA,NA
311,favorable,asLongAsEligible,NA,conflict,NA,NA,poor,noBiracialLivingExperience,NA,poor,NA,NA,NA,semiSkilled
312,favorable,neverThoughtAboutIt,favorableAndUnfavorable,NA,NA,NA,NA,NA,favorable,NA,gradeSchoolOrLess,NA,NA,NA
313,NA,permanent,NA,NA,NA,NA,good,NA,NA,hardToSay,gradeSchoolOrLess,NA,NA,whiteColorSkilled
314,favorable,permanent,favorable,NA,NA,NA,fair,NA,favorable,poor,NA,NA,NA,semiSkilled
315,favorable,NA,favorableAndUnfavorable,mutualAcomodataion,liberalFriend,liberal,poor,biracialLivingExperience,favorable,good,gradeSchoolOrLess,favorable,NA,unskilledDomesticPersonalService
316,favorable,NA,favorable,NA,liberalFriend,liberal,NA,NA,favorable,NA,NA,NA,NA,NA
317,NA,asLongAsEligible,favorableAndUnfavorable,mutualAcomodataion,NA,NA,good,biracialLivingExperience,NA,poor,highSchoolGraduate,NA,NA,unskilledDomesticPersonalService
318,favorable,NA,favorable,NA,liberalFriend,liberal,NA,NA,favorable,NA,NA,NA,NA,NA
319,favorable,untilOwnHome,NA,mutualAcomodataion,NA,NA,fair,biracialLivingExperience,favorable,poor,someHighSchool,NA,NA,unskilledDomesticPersonalService
320,favorable,permanent,favorableAndUnfavorable,NA,NA,NA,hardToSay,NA,NA,poor,NA,NA,NA,unskilledDomesticPersonalService
321,favorable,NA,NA,mutualAcomodataion,liberalFriend,liberal,NA,biracialLivingExperience,favorable,NA,gradeSchoolOrLess,NA,favorable,NA
322,NA,asLongAsEligible,favorableAndUnfavorable,NA,liberalFriend,ambivalent,fair,NA,favorable,fair,highSchoolGraduate,NA,NA,whiteColorSkilled
323,favorable,permanent,favorable,mutualAcomodataion,liberalFriend,liberal,good,noBiracialLivingExperience,favorable,fair,gradeSchoolOrLess,NA,NA,whiteColorSkilled
324,favorable,NA,favorable,NA,liberalFriend,liberal,good,NA,favorable,hardToSay,someHighSchool,NA,NA,whiteColorSkilled
325,favorable,NA,favorableAndUnfavorable,mutualAcomodataion,liberalFriend,liberal,hardToSay,biracialLivingExperience,favorable,fair,someHighSchool,unfavorable,NA,unskilledDomesticPersonalService
326,favorable,untilOwnHome,NA,conflict,NA,NA,NA,biracialLivingExperience,favorable,NA,gradeSchoolOrLess,unfavorable,favorable,NA
327,favorable,permanent,favorable,NA,liberalFriend,liberal,NA,NA,favorable,NA,gradeSchoolOrLess,NA,NA,NA
328,favorable,permanent,NA,mutualAcomodataion,NA,NA,poor,biracialLivingExperience,NA,poor,highSchoolGraduate,NA,NA,unskilledDomesticPersonalService
329,favorable,untilBetterPlace,favorable,mutualAcomodataion,NA,NA,NA,biracialLivingExperience,favorable,NA,someHighSchool,NA,NA,NA
330,NA,neverThoughtAboutIt,NA,NA,liberalFriend,liberal,hardToSay,NA,NA,poor,NA,NA,NA,unskilledDomesticPersonalService
331,favorable,permanent,NA,NA,NA,NA,poor,NA,favorable,poor,someHighSchool,favorable,favorable,unskilledDomesticPersonalService
332,favorable,asLongAsEligible,NA,NA,liberalFriend,liberal,poor,NA,NA,good,someHighSchool,NA,NA,semiSkilled
333,favorable,asLongAsEligible,NA,mutualAcomodataion,NA,NA,good,biracialLivingExperience,favorable,poor,gradeSchoolOrLess,NA,NA,whiteColorSkilled
334,favorable,permanent,unfavorable,mutualAcomodataion,ambivalentFriend,liberal,NA,biracialLivingExperience,unfavorable,NA,someHighSchool,NA,NA,NA
335,favorable,asLongAsEligible,NA,mutualAcomodataion,liberalFriend,liberal,NA,biracialLivingExperience,NA,NA,gradeSchoolOrLess,unfavorable,NA,NA
336,favorable,NA,NA,NA,NA,NA,NA,NA,NA,NA,someHighSchool,favorable,NA,NA
337,favorable,asLongAsEligible,NA,NA,NA,NA,NA,NA,favorable,NA,NA,NA,NA,NA
338,favorable,asLongAsEligible,NA,mutualAcomodataion,liberalFriend,liberal,NA,biracialLivingExperience,NA,NA,someHighSchool,NA,NA,NA
339,unfavorable,asLongAsEligible,favorableAndUnfavorable,NA,NA,NA,NA,NA,favorable,NA,gradeSchoolOrLess,NA,favorable,NA
340,NA,untilOwnHome,favorable,NA,liberalFriend,liberal,good,NA,NA,fair,NA,NA,NA,unskilledDomesticPersonalService
341,favorable,asLongAsEligible,favorable,NA,liberalFriend,liberal,NA,NA,favorable,NA,someHighSchool,NA,NA,NA
342,favorable,asLongAsEligible,favorableAndUnfavorable,NA,NA,NA,poor,NA,NA,good,NA,NA,NA,semiSkilled
343,favorable,untilBetterPlace,favorable,mutualAcomodataion,NA,NA,poor,biracialLivingExperience,favorable,fair,gradeSchoolOrLess,NA,NA,unskilledDomesticPersonalService
344,favorable,asLongAsEligible,NA,NA,liberalFriend,liberal,NA,NA,favorable,NA,gradeSchoolOrLess,NA,NA,NA
345,favorable,untilOwnHome,unfavorable,mutualAcomodataion,liberalFriend,liberal,NA,noBiracialLivingExperience,favorable,NA,highSchoolGraduate,NA,NA,NA
346,favorable,NA,favorable,NA,NA,NA,NA,NA,favorable,NA,NA,favorable,NA,NA
347,favorable,NA,favorable,NA,NA,NA,poor,NA,favorable,hardToSay,NA,NA,unfavorable,unskilledDomesticPersonalService
348,favorable,asLongAsEligible,NA,NA,NA,NA,poor,NA,NA,good,highSchoolGraduate,NA,NA,whiteColorSkilled
349,favorable,untilBetterPlace,favorableAndUnfavorable,NA,NA,NA,NA,NA,NA,NA,highSchoolGraduate,NA,NA,NA
350,favorable,NA,NA,NA,NA,NA,hardToSay,NA,NA,poor,NA,NA,NA,whiteColorSkilled
351,NA,asLongAsEligible,favorableAndUnfavorable,NA,NA,NA,poor,NA,NA,hardToSay,NA,favorable,NA,semiSkilled
352,NA,NA,favorable,NA,NA,NA,good,NA,favorable,good,NA,NA,NA,unskilledDomesticPersonalService
353,favorable,permanent,favorableAndUnfavorable,NA,liberalFriend,liberal,hardToSay,NA,favorable,good,gradeSchoolOrLess,NA,NA,whiteColorSkilled
354,NA,untilOwnHome,NA,mutualAcomodataion,NA,NA,NA,noBiracialLivingExperience,favorable,NA,NA,favorable,NA,NA
355,favorable,NA,NA,mutualAcomodataion,liberalFriend,liberal,poor,biracialLivingExperience,favorable,poor,NA,NA,NA,unskilledDomesticPersonalService
356,NA,NA,NA,NA,liberalFriend,liberal,good,NA,favorable,good,gradeSchoolOrLess,favorable,NA,whiteColorSkilled
357,favorable,permanent,favorableAndUnfavorable,integration,liberalFriend,liberal,NA,noBiracialLivingExperience,NA,NA,NA,NA,NA,NA
358,favorable,NA,favorableAndUnfavorable,NA,liberalFriend,liberal,NA,NA,favorable,NA,someHighSchool,NA,NA,NA
359,favorable,untilOwnHome,favorable,NA,liberalFriend,liberal,fair,NA,favorable,poor,NA,NA,NA,unskilledDomesticPersonalService
360,favorable,NA,favorable,NA,NA,NA,NA,NA,favorable,NA,someHighSchool,NA,NA,NA
361,unfavorable,asLongAsEligible,NA,mutualAcomodataion,NA,NA,poor,biracialLivingExperience,NA,poor,someHighSchool,NA,NA,unskilledDomesticPersonalService
362,favorable,neverThoughtAboutIt,NA,mutualAcomodataion,liberalFriend,liberal,NA,biracialLivingExperience,favorable,NA,NA,NA,NA,NA
363,favorable,asLongAsEligible,favorable,NA,liberalFriend,liberal,NA,NA,favorable,NA,gradeSchoolOrLess,NA,NA,NA
364,favorable,untilBetterPlace,NA,mutualAcomodataion,NA,NA,good,biracialLivingExperience,favorable,poor,NA,NA,NA,unskilledDomesticPersonalService
365,favorable,untilBetterPlace,favorableAndUnfavorable,NA,liberalFriend,liberal,NA,NA,favorable,NA,gradeSchoolOrLess,NA,NA,NA
366,favorable,asLongAsEligible,favorable,NA,liberalFriend,liberal,poor,NA,favorable,hardToSay,NA,NA,NA,semiSkilled
367,favorable,NA,favorable,NA,NA,NA,NA,NA,NA,NA,someHighSchool,NA,NA,NA
368,favorable,untilBetterPlace,favorableAndUnfavorable,NA,NA,NA,NA,NA,favorable,NA,gradeSchoolOrLess,NA,NA,NA
369,favorable,untilOwnHome,favorable,mutualAcomodataion,NA,NA,poor,biracialLivingExperience,NA,hardToSay,gradeSchoolOrLess,NA,NA,unskilledDomesticPersonalService
370,favorable,asLongAsEligible,NA,NA,NA,NA,NA,NA,NA,NA,gradeSchoolOrLess,NA,NA,NA
371,favorable,asLongAsEligible,favorable,NA,ambivalentFriend,liberal,poor,NA,NA,poor,NA,NA,favorable,whiteColorSkilled
372,favorable,permanent,favorable,NA,NA,NA,NA,NA,NA,NA,gradeSchoolOrLess,NA,NA,NA
373,favorable,permanent,NA,NA,liberalFriend,liberal,fair,NA,favorable,poor,NA,NA,NA,unskilledDomesticPersonalService
374,favorable,NA,favorable,mutualAcomodataion,NA,NA,NA,biracialLivingExperience,unfavorable,NA,someHighSchool,favorable,NA,NA
375,favorable,neverThoughtAboutIt,favorable,NA,liberalFriend,liberal,NA,NA,favorable,NA,gradeSchoolOrLess,favorable,NA,NA
376,favorable,untilOwnHome,favorable,mutualAcomodataion,NA,NA,hardToSay,biracialLivingExperience,NA,poor,someHighSchool,favorable,NA,unskilledDomesticPersonalService
377,unfavorable,asLongAsEligible,favorable,NA,liberalFriend,liberal,NA,NA,favorable,NA,highSchoolGraduate,NA,unfavorable,NA
378,favorable,neverThoughtAboutIt,favorableAndUnfavorable,mutualAcomodataion,NA,NA,hardToSay,biracialLivingExperience,favorable,poor,gradeSchoolOrLess,NA,NA,unskilledDomesticPersonalService
379,NA,permanent,unfavorable,NA,liberalFriend,liberal,NA,NA,favorable,NA,NA,NA,NA,NA
380,favorable,neverThoughtAboutIt,NA,NA,liberalFriend,liberal,NA,NA,NA,NA,NA,NA,favorable,NA
381,NA,NA,noComments,NA,liberalFriend,liberal,poor,NA,favorable,hardToSay,highSchoolGraduate,NA,NA,unskilledDomesticPersonalService
382,favorable,NA,unfavorable,mutualAcomodataion,NA,NA,good,biracialLivingExperience,favorable,good,someHighSchool,NA,NA,unskilledDomesticPersonalService
383,favorable,neverThoughtAboutIt,NA,NA,liberalFriend,liberal,good,NA,favorable,hardToSay,NA,NA,NA,whiteColorSkilled
384,favorable,NA,favorable,NA,liberalFriend,liberal,hardToSay,NA,favorable,poor,someHighSchool,NA,NA,whiteColorSkilled
385,favorable,NA,favorable,NA,NA,NA,poor,NA,NA,fair,gradeSchoolOrLess,NA,NA,unskilledDomesticPersonalService
386,favorable,NA,NA,integration,liberalFriend,liberal,NA,biracialLivingExperience,favorable,NA,NA,NA,NA,NA
387,favorable,NA,NA,mutualAcomodataion,NA,NA,NA,biracialLivingExperience,NA,NA,someHighSchool,NA,NA,NA
388,favorable,untilBetterPlace,favorable,NA,liberalFriend,liberal,fair,NA,favorable,good,NA,NA,favorable,unskilledDomesticPersonalService
389,NA,asLongAsEligible,favorable,integration,ambivalentFriend,ambivalent,fair,biracialLivingExperience,favorable,poor,NA,NA,NA,unskilledDomesticPersonalService
390,favorable,untilOwnHome,favorable,NA,NA,NA,poor,NA,favorable,poor,NA,NA,NA,whiteColorSkilled
391,favorable,asLongAsEligible,favorable,conflict,liberalFriend,liberal,NA,biracialLivingExperience,NA,NA,NA,NA,NA,NA
392,favorable,asLongAsEligible,favorableAndUnfavorable,mutualAcomodataion,liberalFriend,liberal,NA,biracialLivingExperience,favorable,NA,NA,NA,NA,NA
393,NA,neverThoughtAboutIt,favorable,conflict,liberalFriend,liberal,NA,biracialLivingExperience,favorable,NA,NA,favorable,NA,NA
394,favorable,untilBetterPlace,NA,NA,liberalFriend,liberal,NA,NA,favorable,NA,NA,NA,unfavorable,NA
395,favorable,asLongAsEligible,unfavorable,mutualAcomodataion,liberalFriend,liberal,poor,biracialLivingExperience,favorable,hardToSay,NA,NA,NA,unskilledDomesticPersonalService
396,favorable,NA,favorableAndUnfavorable,conflict,liberalFriend,liberal,NA,noBiracialLivingExperience,favorable,NA,NA,unfavorable,NA,NA
397,favorable,NA,NA,NA,NA,NA,poor,NA,NA,fair,highSchoolGraduate,NA,NA,whiteColorSkilled
398,favorable,untilBetterPlace,NA,integration,liberalFriend,liberal,good,biracialLivingExperience,favorable,poor,gradeSchoolOrLess,NA,NA,unskilledDomesticPersonalService
399,favorable,untilBetterPlace,favorable,mutualAcomodataion,NA,NA,NA,biracialLivingExperience,favorable,NA,highSchoolGraduate,NA,NA,NA
400,favorable,asLongAsEligible,favorableAndUnfavorable,mutualAcomodataion,NA,NA,good,biracialLivingExperience,favorable,good,NA,favorable,NA,whiteColorSkilled
401,NA,asLongAsEligible,favorable,mutualAcomodataion,NA,NA,poor,biracialLivingExperience,NA,poor,NA,NA,NA,unskilledDomesticPersonalService
402,NA,asLongAsEligible,unfavorable,NA,NA,NA,NA,NA,favorable,NA,NA,NA,NA,NA
403,NA,untilBetterPlace,favorable,mutualAcomodataion,liberalFriend,liberal,NA,biracialLivingExperience,favorable,NA,highSchoolGraduate,NA,NA,NA
404,favorable,asLongAsEligible,NA,NA,liberalFriend,liberal,poor,NA,favorable,good,NA,favorable,NA,unskilledDomesticPersonalService
405,favorable,NA,favorable,conflict,liberalFriend,liberal,good,biracialLivingExperience,favorable,poor,gradeSchoolOrLess,NA,NA,unskilledDomesticPersonalService
406,favorable,permanent,favorable,NA,NA,NA,poor,NA,favorable,poor,gradeSchoolOrLess,NA,NA,semiSkilled
407,NA,untilOwnHome,favorable,NA,liberalFriend,liberal,poor,NA,NA,fair,someHighSchool,NA,NA,semiSkilled
408,NA,NA,favorableAndUnfavorable,NA,NA,NA,poor,NA,NA,good,NA,NA,NA,unskilledDomesticPersonalService
409,favorable,neverThoughtAboutIt,NA,mutualAcomodataion,NA,NA,hardToSay,biracialLivingExperience,unfavorable,poor,highSchoolGraduate,NA,NA,unskilledDomesticPersonalService
410,NA,NA,unfavorable,NA,NA,NA,poor,NA,favorable,hardToSay,someHighSchool,NA,favorable,semiSkilled
411,NA,asLongAsEligible,NA,conflict,liberalFriend,liberal,poor,biracialLivingExperience,favorable,poor,gradeSchoolOrLess,NA,NA,unskilledDomesticPersonalService
412,NA,NA,unfavorable,NA,NA,NA,hardToSay,NA,favorable,poor,NA,favorable,favorable,unskilledDomesticPersonalService
413,favorable,NA,NA,conflict,NA,NA,NA,biracialLivingExperience,favorable,NA,NA,NA,NA,NA
414,favorable,asLongAsEligible,favorable,mutualAcomodataion,NA,NA,NA,biracialLivingExperience,NA,NA,gradeSchoolOrLess,NA,NA,NA
415,favorable,asLongAsEligible,favorable,integration,liberalFriend,liberal,good,biracialLivingExperience,NA,poor,NA,NA,NA,unskilledDomesticPersonalService
416,NA,untilBetterPlace,unfavorable,mutualAcomodataion,NA,NA,poor,biracialLivingExperience,favorable,poor,NA,NA,NA,unskilledDomesticPersonalService
417,favorable,permanent,NA,mutualAcomodataion,NA,NA,poor,biracialLivingExperience,favorable,poor,NA,NA,NA,unskilledDomesticPersonalService
418,favorable,neverThoughtAboutIt,favorableAndUnfavorable,NA,NA,NA,NA,NA,favorable,NA,highSchoolGraduate,NA,NA,NA
419,favorable,asLongAsEligible,NA,NA,NA,NA,hardToSay,NA,favorable,hardToSay,gradeSchoolOrLess,NA,NA,semiSkilled
420,favorable,permanent,favorableAndUnfavorable,NA,NA,NA,NA,NA,favorable,NA,someHighSchool,unfavorable,NA,NA
421,favorable,untilOwnHome,unfavorable,NA,NA,NA,NA,NA,favorable,NA,someHighSchool,NA,NA,NA
422,favorable,asLongAsEligible,favorableAndUnfavorable,NA,NA,NA,hardToSay,NA,favorable,good,NA,favorable,NA,semiSkilled
423,favorable,neverThoughtAboutIt,favorable,mutualAcomodataion,ambivalentFriend,ambivalent,NA,biracialLivingExperience,NA,NA,gradeSchoolOrLess,NA,NA,NA
424,favorable,untilBetterPlace,favorableAndUnfavorable,NA,NA,NA,NA,NA,NA,NA,gradeSchoolOrLess,NA,NA,NA
425,NA,NA,NA,NA,NA,NA,NA,NA,NA,NA,gradeSchoolOrLess,NA,NA,NA
426,favorable,neverThoughtAboutIt,favorableAndUnfavorable,NA,liberalFriend,liberal,NA,NA,NA,NA,someHighSchool,NA,NA,NA
427,favorable,asLongAsEligible,NA,conflict,NA,NA,NA,biracialLivingExperience,favorable,NA,gradeSchoolOrLess,favorable,NA,NA
428,favorable,permanent,NA,NA,liberalFriend,liberal,good,NA,NA,fair,gradeSchoolOrLess,NA,NA,whiteColorSkilled
429,favorable,asLongAsEligible,NA,NA,NA,NA,NA,NA,NA,NA,gradeSchoolOrLess,NA,NA,NA
430,favorable,asLongAsEligible,favorable,NA,NA,NA,poor,NA,favorable,good,highSchoolGraduate,NA,NA,unskilledDomesticPersonalService
431,favorable,untilBetterPlace,favorableAndUnfavorable,NA,NA,NA,poor,NA,favorable,poor,someHighSchool,NA,NA,unskilledDomesticPersonalService
432,favorable,NA,NA,conflict,NA,NA,NA,noBiracialLivingExperience,favorable,NA,someHighSchool,NA,NA,NA
433,favorable,asLongAsEligible,NA,NA,liberalFriend,liberal,fair,NA,favorable,good,NA,NA,NA,unskilledDomesticPersonalService
434,favorable,permanent,favorableAndUnfavorable,mutualAcomodataion,liberalFriend,liberal,NA,noBiracialLivingExperience,favorable,NA,NA,NA,NA,NA
435,favorable,asLongAsEligible,favorable,mutualAcomodataion,liberalFriend,liberal,poor,biracialLivingExperience,favorable,hardToSay,gradeSchoolOrLess,favorable,NA,unskilledDomesticPersonalService
436,favorable,untilBetterPlace,favorable,NA,liberalFriend,liberal,NA,NA,NA,NA,NA,NA,NA,NA
437,favorable,NA,NA,NA,NA,NA,NA,NA,favorable,NA,NA,NA,NA,NA
438,favorable,asLongAsEligible,favorableAndUnfavorable,NA,ambivalentFriend,ambivalent,poor,NA,NA,hardToSay,NA,NA,NA,unskilledDomesticPersonalService
439,NA,NA,favorable,mutualAcomodataion,NA,NA,NA,biracialLivingExperience,favorable,NA,gradeSchoolOrLess,NA,NA,NA
440,favorable,asLongAsEligible,favorableAndUnfavorable,conflict,NA,NA,NA,biracialLivingExperience,favorable,NA,gradeSchoolOrLess,favorable,favorable,NA
441,favorable,asLongAsEligible,favorable,NA,liberalFriend,liberal,NA,NA,favorable,NA,gradeSchoolOrLess,NA,NA,NA
442,favorable,untilBetterPlace,NA,NA,ambivalentFriend,liberal,NA,NA,favorable,NA,someHighSchool,NA,NA,NA
443,favorable,permanent,unfavorable,NA,liberalFriend,liberal,good,NA,NA,poor,gradeSchoolOrLess,NA,NA,unskilledDomesticPersonalService
444,favorable,asLongAsEligible,favorableAndUnfavorable,mutualAcomodataion,NA,NA,poor,biracialLivingExperience,NA,poor,NA,NA,NA,unskilledDomesticPersonalService
445,favorable,NA,NA,mutualAcomodataion,NA,NA,NA,biracialLivingExperience,NA,NA,someHighSchool,NA,NA,NA
446,unfavorable,asLongAsEligible,favorable,NA,NA,NA,hardToSay,NA,favorable,hardToSay,gradeSchoolOrLess,NA,NA,unskilledDomesticPersonalService
447,favorable,permanent,NA,NA,liberalFriend,liberal,good,NA,NA,poor,highSchoolGraduate,NA,NA,unskilledDomesticPersonalService
448,favorable,NA,favorableAndUnfavorable,mutualAcomodataion,NA,NA,NA,biracialLivingExperience,favorable,NA,NA,NA,NA,NA
449,favorable,asLongAsEligible,NA,integration,NA,NA,poor,biracialLivingExperience,favorable,poor,someHighSchool,NA,NA,unskilledDomesticPersonalService
450,favorable,neverThoughtAboutIt,noComments,NA,NA,NA,poor,NA,NA,fair,gradeSchoolOrLess,favorable,NA,unskilledDomesticPersonalService
451,favorable,NA,NA,mutualAcomodataion,ambivalentFriend,liberal,NA,biracialLivingExperience,favorable,NA,gradeSchoolOrLess,NA,NA,NA
452,NA,permanent,NA,NA,liberalFriend,ambivalent,good,NA,favorable,good,gradeSchoolOrLess,NA,favorable,unskilledDomesticPersonalService
453,NA,permanent,favorable,integration,NA,NA,NA,biracialLivingExperience,favorable,NA,NA,NA,NA,NA
454,favorable,untilOwnHome,favorable,NA,NA,NA,hardToSay,NA,favorable,poor,NA,NA,NA,unskilledDomesticPersonalService
455,favorable,NA,NA,integration,ambivalentFriend,ambivalent,hardToSay,biracialLivingExperience,NA,poor,gradeSchoolOrLess,NA,NA,semiSkilled
456,favorable,permanent,favorable,NA,liberalFriend,liberal,poor,NA,favorable,hardToSay,someHighSchool,NA,NA,whiteColorSkilled
457,favorable,untilOwnHome,unfavorable,NA,liberalFriend,liberal,fair,NA,favorable,good,NA,NA,NA,whiteColorSkilled
458,favorable,NA,NA,conflict,NA,NA,poor,noBiracialLivingExperience,favorable,fair,gradeSchoolOrLess,NA,NA,whiteColorSkilled
459,unfavorable,NA,favorable,mutualAcomodataion,liberalFriend,liberal,poor,biracialLivingExperience,NA,good,NA,NA,NA,unskilledDomesticPersonalService
460,favorable,NA,favorable,conflict,liberalFriend,liberal,poor,biracialLivingExperience,NA,hardToSay,NA,NA,NA,semiSkilled
461,favorable,NA,NA,NA,liberalFriend,liberal,NA,NA,favorable,NA,NA,NA,NA,NA
462,favorable,untilOwnHome,NA,NA,liberalFriend,liberal,poor,NA,favorable,poor,someHighSchool,NA,NA,unskilledDomesticPersonalService
463,favorable,NA,NA,NA,liberalFriend,liberal,poor,NA,favorable,fair,gradeSchoolOrLess,NA,NA,semiSkilled
464,favorable,NA,favorable,NA,ambivalentFriend,liberal,NA,NA,favorable,NA,highSchoolGraduate,NA,NA,NA
465,favorable,asLongAsEligible,favorable,NA,liberalFriend,liberal,hardToSay,NA,NA,poor,someHighSchool,NA,NA,unskilledDomesticPersonalService
466,favorable,neverThoughtAboutIt,favorableAndUnfavorable,mutualAcomodataion,liberalFriend,liberal,fair,biracialLivingExperience,NA,good,NA,favorable,NA,semiSkilled
467,favorable,untilOwnHome,NA,NA,liberalFriend,ambivalent,NA,NA,favorable,NA,NA,NA,NA,NA
468,NA,NA,favorable,NA,NA,NA,good,NA,NA,hardToSay,someHighSchool,NA,NA,semiSkilled
469,favorable,asLongAsEligible,favorableAndUnfavorable,mutualAcomodataion,liberalFriend,liberal,NA,biracialLivingExperience,favorable,NA,NA,NA,unfavorable,NA
470,favorable,NA,favorable,mutualAcomodataion,NA,NA,good,biracialLivingExperience,favorable,fair,someHighSchool,NA,NA,unskilledDomesticPersonalService
471,favorable,NA,favorableAndUnfavorable,NA,ambivalentFriend,liberal,hardToSay,NA,favorable,poor,someHighSchool,NA,NA,unskilledDomesticPersonalService
472,favorable,asLongAsEligible,favorable,NA,NA,NA,NA,NA,favorable,NA,gradeSchoolOrLess,NA,NA,NA
473,favorable,asLongAsEligible,favorable,NA,liberalFriend,liberal,hardToSay,NA,NA,poor,gradeSchoolOrLess,NA,NA,unskilledDomesticPersonalService
474,favorable,asLongAsEligible,unfavorable,mutualAcomodataion,liberalFriend,liberal,NA,biracialLivingExperience,NA,NA,NA,NA,NA,NA
475,favorable,NA,favorable,NA,NA,NA,NA,NA,NA,NA,gradeSchoolOrLess,NA,NA,NA
476,favorable,neverThoughtAboutIt,favorable,NA,NA,NA,NA,NA,favorable,NA,gradeSchoolOrLess,NA,NA,NA
477,favorable,asLongAsEligible,favorable,mutualAcomodataion,ambivalentFriend,liberal,NA,biracialLivingExperience,favorable,NA,NA,NA,NA,NA
478,unfavorable,untilBetterPlace,NA,NA,NA,NA,NA,NA,NA,NA,gradeSchoolOrLess,NA,NA,NA
479,favorable,NA,favorable,NA,liberalFriend,liberal,poor,NA,NA,poor,gradeSchoolOrLess,NA,NA,unskilledDomesticPersonalService
480,favorable,NA,favorable,NA,liberalFriend,liberal,poor,NA,NA,poor,highSchoolGraduate,NA,NA,semiSkilled
481,favorable,asLongAsEligible,NA,conflict,liberalFriend,liberal,NA,biracialLivingExperience,favorable,NA,NA,NA,NA,NA
482,NA,NA,favorable,mutualAcomodataion,liberalFriend,liberal,poor,biracialLivingExperience,favorable,poor,someHighSchool,NA,NA,semiSkilled
483,favorable,untilBetterPlace,NA,mutualAcomodataion,liberalFriend,liberal,NA,biracialLivingExperience,favorable,NA,NA,NA,NA,NA
484,favorable,asLongAsEligible,favorableAndUnfavorable,NA,NA,NA,poor,NA,NA,good,someHighSchool,NA,NA,unskilledDomesticPersonalService
485,unfavorable,neverThoughtAboutIt,favorable,NA,liberalFriend,liberal,NA,NA,favorable,NA,NA,NA,favorable,NA
486,unfavorable,NA,NA,NA,NA,NA,poor,NA,NA,poor,gradeSchoolOrLess,NA,NA,unskilledDomesticPersonalService
487,NA,asLongAsEligible,NA,NA,NA,NA,NA,NA,NA,NA,someHighSchool,NA,NA,NA
488,favorable,NA,favorable,integration,liberalFriend,liberal,NA,biracialLivingExperience,favorable,NA,NA,NA,NA,NA
489,favorable,asLongAsEligible,unfavorable,NA,NA,NA,NA,NA,favorable,NA,gradeSchoolOrLess,NA,NA,NA
490,favorable,NA,favorable,mutualAcomodataion,liberalFriend,liberal,NA,biracialLivingExperience,NA,NA,someHighSchool,favorable,NA,NA
491,NA,asLongAsEligible,unfavorable,mutualAcomodataion,NA,NA,NA,biracialLivingExperience,NA,NA,gradeSchoolOrLess,NA,NA,NA
492,favorable,neverThoughtAboutIt,favorable,mutualAcomodataion,liberalFriend,liberal,NA,biracialLivingExperience,favorable,NA,NA,NA,NA,NA
493,favorable,permanent,favorable,mutualAcomodataion,NA,NA,fair,noBiracialLivingExperience,favorable,poor,gradeSchoolOrLess,NA,NA,unskilledDomesticPersonalService
494,unfavorable,permanent,favorable,NA,ambivalentFriend,liberal,NA,NA,favorable,NA,highSchoolGraduate,NA,NA,NA
495,favorable,untilBetterPlace,noComments,NA,NA,NA,poor,NA,NA,fair,highSchoolGraduate,NA,NA,unskilledDomesticPersonalService
496,favorable,permanent,NA,NA,liberalFriend,liberal,NA,NA,NA,NA,gradeSchoolOrLess,favorable,NA,NA
497,favorable,untilOwnHome,favorable,conflict,NA,NA,poor,biracialLivingExperience,favorable,poor,someHighSchool,NA,NA,semiSkilled
498,unfavorable,untilBetterPlace,favorable,mutualAcomodataion,NA,NA,fair,biracialLivingExperience,favorable,hardToSay,gradeSchoolOrLess,NA,NA,unskilledDomesticPersonalService
499,favorable,NA,favorable,conflict,NA,NA,poor,noBiracialLivingExperience,favorable,poor,NA,NA,NA,unskilledDomesticPersonalService
500,favorable,asLongAsEligible,NA,NA,liberalFriend,liberal,poor,NA,favorable,good,someHighSchool,NA,NA,semiSkilled
